INSERT INTO student (id, first_name, last_name) VALUES
    (1, 'Alice', 'Smith'),
INSERT INTO student (id, first_name, last_name) VALUES
    (2, 'David', 'Brown'),
INSERT INTO student (id, first_name, last_name) VALUES
    (3, 'Emily', 'Davis');
INSERT INTO student (id, first_name, last_name) VALUES
    (4, 'Ethan', 'Anderson');
INSERT INTO student (id, first_name, last_name) VALUES
    (5, 'Lucas', 'Taylor');

INSERT INTO teacher (id, first_name, last_name) VALUES
    (1, 'Isabella', 'Williams'),
INSERT INTO teacher (id, first_name, last_name) VALUES
    (2, 'Sophia', 'Miller'),
INSERT INTO teacher (id, first_name, last_name) VALUES
    (3, 'Jackson', 'Wilson'),
INSERT INTO teacher (id, first_name, last_name) VALUES
    (4, 'Noah', 'Martinez'),
INSERT INTO teacher (id, first_name, last_name) VALUES
    (5, 'Lucas', 'Johnson');

INSERT INTO course (id, date, name, student_id, teacher_id) VALUES
    (1, '2023-09-01 8:00:00', 'Computer Science', 5, 1),
INSERT INTO course (id, date, name, student_id, teacher_id) VALUES
    (2, '2023-09-01 10:00:00', 'Principles of Economics', 4, 2),
INSERT INTO course (id, date, name, student_id, teacher_id) VALUES
    (3, '2023-09-01 12:00:00', 'Literature and Society', 3, 3),
INSERT INTO course (id, date, name, student_id, teacher_id) VALUES
    (4, '2023-09-01 14:00:00', 'Organic Chemistry', 2, 4),
INSERT INTO course (id, date, name, student_id, teacher_id) VALUES
    (5, '2023-09-01 16:00:00', 'International Relations', 1, 5);